DELETE FROM GUESTS_EVENTS;
DELETE FROM EVENT;
DELETE FROM GUEST;

INSERT INTO EVENT(ID, NAME, STATUS, START_DATE, END_DATE) VALUES (0, 'event 0', 'ACTIVE', '2019-01-01 10:00:00','2019-01-01 11:00:00');
INSERT INTO EVENT(ID, NAME, STATUS, START_DATE, END_DATE) VALUES (33, 'event 1', 'ACTIVE', '2019-01-01 10:00:00','2019-01-01 11:00:00');
INSERT INTO EVENT(ID, NAME, STATUS, START_DATE, END_DATE) VALUES (34, 'event 2', 'ACTIVE', '2019-02-01 09:00:00','2019-02-01 10:30:00');
INSERT INTO EVENT(ID, NAME, STATUS, START_DATE, END_DATE) VALUES (35, 'event 3', 'INACTIVE', '2019-03-01 07:00:00','2019-03-01 08:00:00');
INSERT INTO EVENT(ID, NAME, STATUS, START_DATE, END_DATE) VALUES (36, 'event 4', 'ACTIVE', '2019-03-02 07:00:00','2019-03-02 08:00:00');
INSERT INTO EVENT(ID, NAME, STATUS, START_DATE, END_DATE) VALUES (37, 'event 5', 'ACTIVE', '2019-03-04 14:00:00','2019-03-04 15:25:00');

INSERT INTO GUEST(ID, FIRST_NAME, LAST_NAME, EMAIL) VALUES (53, 'Oscar', 'Peterson', 'pete@hotmail.com');
INSERT INTO GUEST(ID, FIRST_NAME, LAST_NAME, EMAIL) VALUES (54, 'Tom', 'Derek', 'derekt@gmail.com');
INSERT INTO GUEST(ID, FIRST_NAME, LAST_NAME, EMAIL) VALUES (55, 'Mark', 'Wong', 'wongwong@test.com');
INSERT INTO GUEST(ID, FIRST_NAME, LAST_NAME, EMAIL) VALUES (56, 'Louis', 'Armstrong', 'louis.armstrong@test.com');

INSERT INTO GUESTS_EVENTS(GUESTS_ID, EVENTS_ID) VALUES (53, 33);
INSERT INTO GUESTS_EVENTS(GUESTS_ID, EVENTS_ID) VALUES (54, 33);
INSERT INTO GUESTS_EVENTS(GUESTS_ID, EVENTS_ID) VALUES (55, 33);
INSERT INTO GUESTS_EVENTS(GUESTS_ID, EVENTS_ID) VALUES (54, 34);
INSERT INTO GUESTS_EVENTS(GUESTS_ID, EVENTS_ID) VALUES (55, 34);
INSERT INTO GUESTS_EVENTS(GUESTS_ID, EVENTS_ID) VALUES (55, 35);
INSERT INTO GUESTS_EVENTS(GUESTS_ID, EVENTS_ID) VALUES (56, 0);
INSERT INTO GUESTS_EVENTS(GUESTS_ID, EVENTS_ID) VALUES (56, 34);
INSERT INTO GUESTS_EVENTS(GUESTS_ID, EVENTS_ID) VALUES (56, 35);
INSERT INTO GUESTS_EVENTS(GUESTS_ID, EVENTS_ID) VALUES (56, 36);
INSERT INTO GUESTS_EVENTS(GUESTS_ID, EVENTS_ID) VALUES (56, 37);